[
    {
        "model": "auth.permission",
        "pk": 1,
        "fields": {
            "name": "Can add log entry",
            "content_type": 1,
            "codename": "add_logentry"
        }
    },
    {
        "model": "auth.permission",
        "pk": 2,
        "fields": {
            "name": "Can change log entry",
            "content_type": 1,
            "codename": "change_logentry"
        }
    },
    {
        "model": "auth.permission",
        "pk": 3,
        "fields": {
            "name": "Can delete log entry",
            "content_type": 1,
            "codename": "delete_logentry"
        }
    },
    {
        "model": "auth.permission",
        "pk": 4,
        "fields": {
            "name": "Can view log entry",
            "content_type": 1,
            "codename": "view_logentry"
        }
    },
    {
        "model": "auth.permission",
        "pk": 5,
        "fields": {
            "name": "Can add permission",
            "content_type": 2,
            "codename": "add_permission"
        }
    },
    {
        "model": "auth.permission",
        "pk": 6,
        "fields": {
            "name": "Can change permission",
            "content_type": 2,
            "codename": "change_permission"
        }
    },
    {
        "model": "auth.permission",
        "pk": 7,
        "fields": {
            "name": "Can delete permission",
            "content_type": 2,
            "codename": "delete_permission"
        }
    },
    {
        "model": "auth.permission",
        "pk": 8,
        "fields": {
            "name": "Can view permission",
            "content_type": 2,
            "codename": "view_permission"
        }
    },
    {
        "model": "auth.permission",
        "pk": 9,
        "fields": {
            "name": "Can add group",
            "content_type": 3,
            "codename": "add_group"
        }
    },
    {
        "model": "auth.permission",
        "pk": 10,
        "fields": {
            "name": "Can change group",
            "content_type": 3,
            "codename": "change_group"
        }
    },
    {
        "model": "auth.permission",
        "pk": 11,
        "fields": {
            "name": "Can delete group",
            "content_type": 3,
            "codename": "delete_group"
        }
    },
    {
        "model": "auth.permission",
        "pk": 12,
        "fields": {
            "name": "Can view group",
            "content_type": 3,
            "codename": "view_group"
        }
    },
    {
        "model": "auth.permission",
        "pk": 13,
        "fields": {
            "name": "Can add content type",
            "content_type": 4,
            "codename": "add_contenttype"
        }
    },
    {
        "model": "auth.permission",
        "pk": 14,
        "fields": {
            "name": "Can change content type",
            "content_type": 4,
            "codename": "change_contenttype"
        }
    },
    {
        "model": "auth.permission",
        "pk": 15,
        "fields": {
            "name": "Can delete content type",
            "content_type": 4,
            "codename": "delete_contenttype"
        }
    },
    {
        "model": "auth.permission",
        "pk": 16,
        "fields": {
            "name": "Can view content type",
            "content_type": 4,
            "codename": "view_contenttype"
        }
    },
    {
        "model": "auth.permission",
        "pk": 17,
        "fields": {
            "name": "Can add session",
            "content_type": 5,
            "codename": "add_session"
        }
    },
    {
        "model": "auth.permission",
        "pk": 18,
        "fields": {
            "name": "Can change session",
            "content_type": 5,
            "codename": "change_session"
        }
    },
    {
        "model": "auth.permission",
        "pk": 19,
        "fields": {
            "name": "Can delete session",
            "content_type": 5,
            "codename": "delete_session"
        }
    },
    {
        "model": "auth.permission",
        "pk": 20,
        "fields": {
            "name": "Can view session",
            "content_type": 5,
            "codename": "view_session"
        }
    },
    {
        "model": "auth.permission",
        "pk": 21,
        "fields": {
            "name": "Can add user",
            "content_type": 6,
            "codename": "add_user"
        }
    },
    {
        "model": "auth.permission",
        "pk": 22,
        "fields": {
            "name": "Can change user",
            "content_type": 6,
            "codename": "change_user"
        }
    },
    {
        "model": "auth.permission",
        "pk": 23,
        "fields": {
            "name": "Can delete user",
            "content_type": 6,
            "codename": "delete_user"
        }
    },
    {
        "model": "auth.permission",
        "pk": 24,
        "fields": {
            "name": "Can view user",
            "content_type": 6,
            "codename": "view_user"
        }
    },
    {
        "model": "auth.permission",
        "pk": 25,
        "fields": {
            "name": "Can add karma",
            "content_type": 7,
            "codename": "add_karma"
        }
    },
    {
        "model": "auth.permission",
        "pk": 26,
        "fields": {
            "name": "Can change karma",
            "content_type": 7,
            "codename": "change_karma"
        }
    },
    {
        "model": "auth.permission",
        "pk": 27,
        "fields": {
            "name": "Can delete karma",
            "content_type": 7,
            "codename": "delete_karma"
        }
    },
    {
        "model": "auth.permission",
        "pk": 28,
        "fields": {
            "name": "Can view karma",
            "content_type": 7,
            "codename": "view_karma"
        }
    },
    {
        "model": "auth.permission",
        "pk": 29,
        "fields": {
            "name": "Can add subject",
            "content_type": 8,
            "codename": "add_subject"
        }
    },
    {
        "model": "auth.permission",
        "pk": 30,
        "fields": {
            "name": "Can change subject",
            "content_type": 8,
            "codename": "change_subject"
        }
    },
    {
        "model": "auth.permission",
        "pk": 31,
        "fields": {
            "name": "Can delete subject",
            "content_type": 8,
            "codename": "delete_subject"
        }
    },
    {
        "model": "auth.permission",
        "pk": 32,
        "fields": {
            "name": "Can view subject",
            "content_type": 8,
            "codename": "view_subject"
        }
    },
    {
        "model": "auth.permission",
        "pk": 33,
        "fields": {
            "name": "Can confirm subject",
            "content_type": 8,
            "codename": "can_confirm_subject"
        }
    },
    {
        "model": "auth.permission",
        "pk": 34,
        "fields": {
            "name": "Can add registration",
            "content_type": 9,
            "codename": "add_registration"
        }
    },
    {
        "model": "auth.permission",
        "pk": 35,
        "fields": {
            "name": "Can change registration",
            "content_type": 9,
            "codename": "change_registration"
        }
    },
    {
        "model": "auth.permission",
        "pk": 36,
        "fields": {
            "name": "Can delete registration",
            "content_type": 9,
            "codename": "delete_registration"
        }
    },
    {
        "model": "auth.permission",
        "pk": 37,
        "fields": {
            "name": "Can view registration",
            "content_type": 9,
            "codename": "view_registration"
        }
    },
    {
        "model": "auth.permission",
        "pk": 38,
        "fields": {
            "name": "Can add category",
            "content_type": 10,
            "codename": "add_category"
        }
    },
    {
        "model": "auth.permission",
        "pk": 39,
        "fields": {
            "name": "Can change category",
            "content_type": 10,
            "codename": "change_category"
        }
    },
    {
        "model": "auth.permission",
        "pk": 40,
        "fields": {
            "name": "Can delete category",
            "content_type": 10,
            "codename": "delete_category"
        }
    },
    {
        "model": "auth.permission",
        "pk": 41,
        "fields": {
            "name": "Can view category",
            "content_type": 10,
            "codename": "view_category"
        }
    },
    {
        "model": "auth.permission",
        "pk": 42,
        "fields": {
            "name": "Can add answer",
            "content_type": 11,
            "codename": "add_answer"
        }
    },
    {
        "model": "auth.permission",
        "pk": 43,
        "fields": {
            "name": "Can change answer",
            "content_type": 11,
            "codename": "change_answer"
        }
    },
    {
        "model": "auth.permission",
        "pk": 44,
        "fields": {
            "name": "Can delete answer",
            "content_type": 11,
            "codename": "delete_answer"
        }
    },
    {
        "model": "auth.permission",
        "pk": 45,
        "fields": {
            "name": "Can view answer",
            "content_type": 11,
            "codename": "view_answer"
        }
    },
    {
        "model": "auth.permission",
        "pk": 46,
        "fields": {
            "name": "Can add reaction",
            "content_type": 12,
            "codename": "add_reaction"
        }
    },
    {
        "model": "auth.permission",
        "pk": 47,
        "fields": {
            "name": "Can change reaction",
            "content_type": 12,
            "codename": "change_reaction"
        }
    },
    {
        "model": "auth.permission",
        "pk": 48,
        "fields": {
            "name": "Can delete reaction",
            "content_type": 12,
            "codename": "delete_reaction"
        }
    },
    {
        "model": "auth.permission",
        "pk": 49,
        "fields": {
            "name": "Can view reaction",
            "content_type": 12,
            "codename": "view_reaction"
        }
    },
    {
        "model": "auth.permission",
        "pk": 50,
        "fields": {
            "name": "Can add rating",
            "content_type": 13,
            "codename": "add_rating"
        }
    },
    {
        "model": "auth.permission",
        "pk": 51,
        "fields": {
            "name": "Can change rating",
            "content_type": 13,
            "codename": "change_rating"
        }
    },
    {
        "model": "auth.permission",
        "pk": 52,
        "fields": {
            "name": "Can delete rating",
            "content_type": 13,
            "codename": "delete_rating"
        }
    },
    {
        "model": "auth.permission",
        "pk": 53,
        "fields": {
            "name": "Can view rating",
            "content_type": 13,
            "codename": "view_rating"
        }
    },
    {
        "model": "auth.permission",
        "pk": 54,
        "fields": {
            "name": "Can add question",
            "content_type": 14,
            "codename": "add_question"
        }
    },
    {
        "model": "auth.permission",
        "pk": 55,
        "fields": {
            "name": "Can change question",
            "content_type": 14,
            "codename": "change_question"
        }
    },
    {
        "model": "auth.permission",
        "pk": 56,
        "fields": {
            "name": "Can delete question",
            "content_type": 14,
            "codename": "delete_question"
        }
    },
    {
        "model": "auth.permission",
        "pk": 57,
        "fields": {
            "name": "Can view question",
            "content_type": 14,
            "codename": "view_question"
        }
    },
    {
        "model": "auth.group",
        "pk": 1,
        "fields": {
            "name": "Moderators",
            "permissions": [
                33
            ]
        }
    },
    {
        "model": "contenttypes.contenttype",
        "pk": 1,
        "fields": {
            "app_label": "admin",
            "model": "logentry"
        }
    },
    {
        "model": "contenttypes.contenttype",
        "pk": 2,
        "fields": {
            "app_label": "auth",
            "model": "permission"
        }
    },
    {
        "model": "contenttypes.contenttype",
        "pk": 3,
        "fields": {
            "app_label": "auth",
            "model": "group"
        }
    },
    {
        "model": "contenttypes.contenttype",
        "pk": 4,
        "fields": {
            "app_label": "contenttypes",
            "model": "contenttype"
        }
    },
    {
        "model": "contenttypes.contenttype",
        "pk": 5,
        "fields": {
            "app_label": "sessions",
            "model": "session"
        }
    },
    {
        "model": "contenttypes.contenttype",
        "pk": 6,
        "fields": {
            "app_label": "accounts",
            "model": "user"
        }
    },
    {
        "model": "contenttypes.contenttype",
        "pk": 7,
        "fields": {
            "app_label": "accounts",
            "model": "karma"
        }
    },
    {
        "model": "contenttypes.contenttype",
        "pk": 8,
        "fields": {
            "app_label": "subjects",
            "model": "subject"
        }
    },
    {
        "model": "contenttypes.contenttype",
        "pk": 9,
        "fields": {
            "app_label": "subjects",
            "model": "registration"
        }
    },
    {
        "model": "contenttypes.contenttype",
        "pk": 10,
        "fields": {
            "app_label": "subjects",
            "model": "category"
        }
    },
    {
        "model": "contenttypes.contenttype",
        "pk": 11,
        "fields": {
            "app_label": "questions",
            "model": "answer"
        }
    },
    {
        "model": "contenttypes.contenttype",
        "pk": 12,
        "fields": {
            "app_label": "questions",
            "model": "reaction"
        }
    },
    {
        "model": "contenttypes.contenttype",
        "pk": 13,
        "fields": {
            "app_label": "questions",
            "model": "rating"
        }
    },
    {
        "model": "contenttypes.contenttype",
        "pk": 14,
        "fields": {
            "app_label": "questions",
            "model": "question"
        }
    },
    {
        "model": "accounts.user",
        "pk": 1,
        "fields": {
            "password": "pbkdf2_sha256$260000$INYTHgB1Y5GJwF4CsKHS86$/pf4i39wO1d/7mulaElQwltUHl3buCV4a3oH5uNn0tE=",
            "last_login": "2021-11-23T10:19:22.918Z",
            "is_superuser": true,
            "login": "xnovak00",
            "email": "novacek@seznam.cz",
            "first_name": "Filip",
            "last_name": "Novák",
            "groups": [
                1
            ],
            "user_permissions": []
        }
    },
    {
        "model": "accounts.user",
        "pk": 2,
        "fields": {
            "password": "pbkdf2_sha256$260000$mwbK7LyBwUcEvuBWmdt1Kj$sXoRy4HZKoL9UBs5ASYXtCp9vSNmwHvQYYITr7Qt2wE=",
            "last_login": null,
            "is_superuser": false,
            "login": "xsechr00",
            "email": "marokac@seznam.cz",
            "first_name": "Marek",
            "last_name": "Sechra",
            "groups": [
                1
            ],
            "user_permissions": []
        }
    },
    {
        "model": "accounts.user",
        "pk": 3,
        "fields": {
            "password": "pbkdf2_sha256$260000$SeEQm1DT9wkHynr4X0nUMq$JElZJ+QSPISTqyWJgVKRAsiX6OjFVHiuiJGHz9wA2IQ=",
            "last_login": null,
            "is_superuser": false,
            "login": "xsolic00",
            "email": "solich@tutanota.cz",
            "first_name": "Filip",
            "last_name": "Solich",
            "groups": [],
            "user_permissions": []
        }
    },
    {
        "model": "accounts.user",
        "pk": 4,
        "fields": {
            "password": "pbkdf2_sha256$260000$J9HLYXoxGMKLsk6l7FB13J$QFlmGPh+xKGXLakTKisEY6QuAJhdW7Lebr0MxFqg/uQ=",
            "last_login": null,
            "is_superuser": false,
            "login": "xvokal00",
            "email": "d.vokal@gmail.com",
            "first_name": "Daniel",
            "last_name": "Vokál",
            "groups": [],
            "user_permissions": []
        }
    },
    {
        "model": "accounts.user",
        "pk": 5,
        "fields": {
            "password": "pbkdf2_sha256$260000$9xahD0NsjehfN8kpyd1DKl$NyHRPWirPH9GMTGQJsoWFY9o6Qec5NnCwoNtFvjVfQw=",
            "last_login": null,
            "is_superuser": false,
            "login": "xnamys00",
            "email": "v.myslitel@seznam.cz",
            "first_name": "Vojtěch",
            "last_name": "Namyslo",
            "groups": [],
            "user_permissions": []
        }
    },
    {
        "model": "subjects.subject",
        "pk": 1,
        "fields": {
            "name": "Diskretní matematika",
            "shortcut": "IDM",
            "year": 2021,
            "semester": "winter",
            "grade": 1,
            "compulsory": "compulsory",
            "confirmed": false,
            "user": 1
        }
    },
    {
        "model": "subjects.subject",
        "pk": 2,
        "fields": {
            "name": "Diskretní matematika",
            "shortcut": "IDM",
            "year": 2020,
            "semester": "winter",
            "grade": 1,
            "compulsory": "compulsory",
            "confirmed": false,
            "user": 1
        }
    },
    {
        "model": "subjects.subject",
        "pk": 3,
        "fields": {
            "name": "Diskretní matematika",
            "shortcut": "IDM",
            "year": 2019,
            "semester": "winter",
            "grade": 1,
            "compulsory": "compulsory",
            "confirmed": true,
            "user": 2
        }
    },
    {
        "model": "subjects.subject",
        "pk": 4,
        "fields": {
            "name": "Softwarové inženýrství",
            "shortcut": "IUS",
            "year": 2021,
            "semester": "winter",
            "grade": 1,
            "compulsory": "compulsory",
            "confirmed": false,
            "user": 3
        }
    },
    {
        "model": "subjects.subject",
        "pk": 5,
        "fields": {
            "name": "Matematická analýza 1",
            "shortcut": "IMA1",
            "year": 2021,
            "semester": "summer",
            "grade": 1,
            "compulsory": "compulsory",
            "confirmed": false,
            "user": 3
        }
    },
    {
        "model": "subjects.subject",
        "pk": 6,
        "fields": {
            "name": "Návrh číslicových systémů",
            "shortcut": "INC",
            "year": 2021,
            "semester": "summer",
            "grade": 1,
            "compulsory": "compulsory",
            "confirmed": true,
            "user": 3
        }
    },
    {
        "model": "subjects.subject",
        "pk": 7,
        "fields": {
            "name": "Algoritmy",
            "shortcut": "IAL",
            "year": 2021,
            "semester": "winter",
            "grade": 2,
            "compulsory": "compulsory",
            "confirmed": true,
            "user": 4
        }
    },
    {
        "model": "subjects.subject",
        "pk": 8,
        "fields": {
            "name": "Formální jazyky a překladače",
            "shortcut": "IFJ",
            "year": 2021,
            "semester": "winter",
            "grade": 2,
            "compulsory": "compulsory",
            "confirmed": true,
            "user": 4
        }
    },
    {
        "model": "subjects.subject",
        "pk": 9,
        "fields": {
            "name": "Kondiční posilování",
            "shortcut": "TV-KP",
            "year": 2021,
            "semester": "winter",
            "grade": 2,
            "compulsory": "uncompulsory",
            "confirmed": true,
            "user": 5
        }
    },
    {
        "model": "subjects.subject",
        "pk": 10,
        "fields": {
            "name": "Bezpečnost a počítačové sítě",
            "shortcut": "IBS",
            "year": 2021,
            "semester": "summer",
            "grade": 2,
            "compulsory": "uncompulsory",
            "confirmed": true,
            "user": 5
        }
    },
    {
        "model": "subjects.subject",
        "pk": 11,
        "fields": {
            "name": "Informační systémy",
            "shortcut": "IIS",
            "year": 2020,
            "semester": "winter",
            "grade": 3,
            "compulsory": "compulsory",
            "confirmed": false,
            "user": 5
        }
    },
    {
        "model": "subjects.subject",
        "pk": 12,
        "fields": {
            "name": "Seminář Java",
            "shortcut": "IJA",
            "year": 2020,
            "semester": "summer",
            "grade": 2,
            "compulsory": "compulsory",
            "confirmed": false,
            "user": 5
        }
    },
    {
        "model": "subjects.category",
        "pk": 7,
        "fields": {
            "name": "Semestrální zkouška",
            "subject": 3
        }
    },
    {
        "model": "subjects.category",
        "pk": 13,
        "fields": {
            "name": "Semestrální zkouška",
            "subject": 6
        }
    },
    {
        "model": "subjects.category",
        "pk": 14,
        "fields": {
            "name": "Půlsemestrální zkouška",
            "subject": 7
        }
    },
    {
        "model": "subjects.category",
        "pk": 15,
        "fields": {
            "name": "Semestrálni zkouška",
            "subject": 7
        }
    },
    {
        "model": "subjects.category",
        "pk": 16,
        "fields": {
            "name": "Semestrální zkouška",
            "subject": 8
        }
    },
    {
        "model": "subjects.category",
        "pk": 17,
        "fields": {
            "name": "Semestrálni zkouška",
            "subject": 9
        }
    },
    {
        "model": "subjects.category",
        "pk": 18,
        "fields": {
            "name": "Semestrálni zkouška",
            "subject": 10
        }
    },
    {
        "model": "subjects.category",
        "pk": 19,
        "fields": {
            "name": "Půlsemestrální zkouška",
            "subject": 10
        }
    },
    {
        "model": "subjects.registration",
        "pk": 7,
        "fields": {
            "confirmed": null,
            "user": 5,
            "subject": 3
        }
    },
    {
        "model": "subjects.registration",
        "pk": 8,
        "fields": {
            "confirmed": null,
            "user": 4,
            "subject": 3
        }
    },
    {
        "model": "subjects.registration",
        "pk": 9,
        "fields": {
            "confirmed": true,
            "user": 1,
            "subject": 3
        }
    },
    {
        "model": "subjects.registration",
        "pk": 10,
        "fields": {
            "confirmed": null,
            "user": 2,
            "subject": 3
        }
    },
    {
        "model": "subjects.registration",
        "pk": 19,
        "fields": {
            "confirmed": true,
            "user": 5,
            "subject": 6
        }
    },
    {
        "model": "subjects.registration",
        "pk": 20,
        "fields": {
            "confirmed": true,
            "user": 2,
            "subject": 5
        }
    },
    {
        "model": "subjects.registration",
        "pk": 21,
        "fields": {
            "confirmed": null,
            "user": 1,
            "subject": 6
        }
    },
    {
        "model": "subjects.registration",
        "pk": 22,
        "fields": {
            "confirmed": null,
            "user": 2,
            "subject": 6
        }
    },
    {
        "model": "subjects.registration",
        "pk": 23,
        "fields": {
            "confirmed": true,
            "user": 2,
            "subject": 6
        }
    },
    {
        "model": "subjects.registration",
        "pk": 24,
        "fields": {
            "confirmed": true,
            "user": 3,
            "subject": 7
        }
    },
    {
        "model": "subjects.registration",
        "pk": 25,
        "fields": {
            "confirmed": true,
            "user": 4,
            "subject": 7
        }
    },
    {
        "model": "subjects.registration",
        "pk": 26,
        "fields": {
            "confirmed": true,
            "user": 5,
            "subject": 7
        }
    },
    {
        "model": "subjects.registration",
        "pk": 27,
        "fields": {
            "confirmed": true,
            "user": 1,
            "subject": 8
        }
    },
    {
        "model": "subjects.registration",
        "pk": 28,
        "fields": {
            "confirmed": true,
            "user": 2,
            "subject": 9
        }
    },
    {
        "model": "subjects.registration",
        "pk": 29,
        "fields": {
            "confirmed": true,
            "user": 5,
            "subject": 9
        }
    },
    {
        "model": "subjects.registration",
        "pk": 30,
        "fields": {
            "confirmed": null,
            "user": 4,
            "subject": 9
        }
    },
    {
        "model": "subjects.registration",
        "pk": 31,
        "fields": {
            "confirmed": null,
            "user": 1,
            "subject": 10
        }
    },
    {
        "model": "subjects.registration",
        "pk": 32,
        "fields": {
            "confirmed": null,
            "user": 2,
            "subject": 10
        }
    }
]