[{"model": "auth.permission", "pk": 1, "fields": {"name": "Can add log entry", "content_type": 1, "codename": "add_logentry"}}, {"model": "auth.permission", "pk": 2, "fields": {"name": "Can change log entry", "content_type": 1, "codename": "change_logentry"}}, {"model": "auth.permission", "pk": 3, "fields": {"name": "Can delete log entry", "content_type": 1, "codename": "delete_logentry"}}, {"model": "auth.permission", "pk": 4, "fields": {"name": "Can view log entry", "content_type": 1, "codename": "view_logentry"}}, {"model": "auth.permission", "pk": 5, "fields": {"name": "Can add permission", "content_type": 2, "codename": "add_permission"}}, {"model": "auth.permission", "pk": 6, "fields": {"name": "Can change permission", "content_type": 2, "codename": "change_permission"}}, {"model": "auth.permission", "pk": 7, "fields": {"name": "Can delete permission", "content_type": 2, "codename": "delete_permission"}}, {"model": "auth.permission", "pk": 8, "fields": {"name": "Can view permission", "content_type": 2, "codename": "view_permission"}}, {"model": "auth.permission", "pk": 9, "fields": {"name": "Can add group", "content_type": 3, "codename": "add_group"}}, {"model": "auth.permission", "pk": 10, "fields": {"name": "Can change group", "content_type": 3, "codename": "change_group"}}, {"model": "auth.permission", "pk": 11, "fields": {"name": "Can delete group", "content_type": 3, "codename": "delete_group"}}, {"model": "auth.permission", "pk": 12, "fields": {"name": "Can view group", "content_type": 3, "codename": "view_group"}}, {"model": "auth.permission", "pk": 13, "fields": {"name": "Can add content type", "content_type": 4, "codename": "add_contenttype"}}, {"model": "auth.permission", "pk": 14, "fields": {"name": "Can change content type", "content_type": 4, "codename": "change_contenttype"}}, {"model": "auth.permission", "pk": 15, "fields": {"name": "Can delete content type", "content_type": 4, "codename": "delete_contenttype"}}, {"model": "auth.permission", "pk": 16, "fields": {"name": "Can view content type", "content_type": 4, "codename": "view_contenttype"}}, {"model": "auth.permission", "pk": 17, "fields": {"name": "Can add session", "content_type": 5, "codename": "add_session"}}, {"model": "auth.permission", "pk": 18, "fields": {"name": "Can change session", "content_type": 5, "codename": "change_session"}}, {"model": "auth.permission", "pk": 19, "fields": {"name": "Can delete session", "content_type": 5, "codename": "delete_session"}}, {"model": "auth.permission", "pk": 20, "fields": {"name": "Can view session", "content_type": 5, "codename": "view_session"}}, {"model": "auth.permission", "pk": 21, "fields": {"name": "Can add user", "content_type": 6, "codename": "add_user"}}, {"model": "auth.permission", "pk": 22, "fields": {"name": "Can change user", "content_type": 6, "codename": "change_user"}}, {"model": "auth.permission", "pk": 23, "fields": {"name": "Can delete user", "content_type": 6, "codename": "delete_user"}}, {"model": "auth.permission", "pk": 24, "fields": {"name": "Can view user", "content_type": 6, "codename": "view_user"}}, {"model": "auth.permission", "pk": 25, "fields": {"name": "Can add karma", "content_type": 7, "codename": "add_karma"}}, {"model": "auth.permission", "pk": 26, "fields": {"name": "Can change karma", "content_type": 7, "codename": "change_karma"}}, {"model": "auth.permission", "pk": 27, "fields": {"name": "Can delete karma", "content_type": 7, "codename": "delete_karma"}}, {"model": "auth.permission", "pk": 28, "fields": {"name": "Can view karma", "content_type": 7, "codename": "view_karma"}}, {"model": "auth.permission", "pk": 29, "fields": {"name": "Can add subject", "content_type": 8, "codename": "add_subject"}}, {"model": "auth.permission", "pk": 30, "fields": {"name": "Can change subject", "content_type": 8, "codename": "change_subject"}}, {"model": "auth.permission", "pk": 31, "fields": {"name": "Can delete subject", "content_type": 8, "codename": "delete_subject"}}, {"model": "auth.permission", "pk": 32, "fields": {"name": "Can view subject", "content_type": 8, "codename": "view_subject"}}, {"model": "auth.permission", "pk": 33, "fields": {"name": "Can confirm subject", "content_type": 8, "codename": "can_confirm_subject"}}, {"model": "auth.permission", "pk": 34, "fields": {"name": "Can add registration", "content_type": 9, "codename": "add_registration"}}, {"model": "auth.permission", "pk": 35, "fields": {"name": "Can change registration", "content_type": 9, "codename": "change_registration"}}, {"model": "auth.permission", "pk": 36, "fields": {"name": "Can delete registration", "content_type": 9, "codename": "delete_registration"}}, {"model": "auth.permission", "pk": 37, "fields": {"name": "Can view registration", "content_type": 9, "codename": "view_registration"}}, {"model": "auth.permission", "pk": 38, "fields": {"name": "Can add category", "content_type": 10, "codename": "add_category"}}, {"model": "auth.permission", "pk": 39, "fields": {"name": "Can change category", "content_type": 10, "codename": "change_category"}}, {"model": "auth.permission", "pk": 40, "fields": {"name": "Can delete category", "content_type": 10, "codename": "delete_category"}}, {"model": "auth.permission", "pk": 41, "fields": {"name": "Can view category", "content_type": 10, "codename": "view_category"}}, {"model": "auth.permission", "pk": 42, "fields": {"name": "Can add answer", "content_type": 11, "codename": "add_answer"}}, {"model": "auth.permission", "pk": 43, "fields": {"name": "Can change answer", "content_type": 11, "codename": "change_answer"}}, {"model": "auth.permission", "pk": 44, "fields": {"name": "Can delete answer", "content_type": 11, "codename": "delete_answer"}}, {"model": "auth.permission", "pk": 45, "fields": {"name": "Can view answer", "content_type": 11, "codename": "view_answer"}}, {"model": "auth.permission", "pk": 46, "fields": {"name": "Can add reaction", "content_type": 12, "codename": "add_reaction"}}, {"model": "auth.permission", "pk": 47, "fields": {"name": "Can change reaction", "content_type": 12, "codename": "change_reaction"}}, {"model": "auth.permission", "pk": 48, "fields": {"name": "Can delete reaction", "content_type": 12, "codename": "delete_reaction"}}, {"model": "auth.permission", "pk": 49, "fields": {"name": "Can view reaction", "content_type": 12, "codename": "view_reaction"}}, {"model": "auth.permission", "pk": 50, "fields": {"name": "Can add rating", "content_type": 13, "codename": "add_rating"}}, {"model": "auth.permission", "pk": 51, "fields": {"name": "Can change rating", "content_type": 13, "codename": "change_rating"}}, {"model": "auth.permission", "pk": 52, "fields": {"name": "Can delete rating", "content_type": 13, "codename": "delete_rating"}}, {"model": "auth.permission", "pk": 53, "fields": {"name": "Can view rating", "content_type": 13, "codename": "view_rating"}}, {"model": "auth.permission", "pk": 54, "fields": {"name": "Can add question", "content_type": 14, "codename": "add_question"}}, {"model": "auth.permission", "pk": 55, "fields": {"name": "Can change question", "content_type": 14, "codename": "change_question"}}, {"model": "auth.permission", "pk": 56, "fields": {"name": "Can delete question", "content_type": 14, "codename": "delete_question"}}, {"model": "auth.permission", "pk": 57, "fields": {"name": "Can view question", "content_type": 14, "codename": "view_question"}}, {"model": "auth.group", "pk": 1, "fields": {"name": "Moderators", "permissions": [33]}}, {"model": "contenttypes.contenttype", "pk": 1, "fields": {"app_label": "admin", "model": "logentry"}}, {"model": "contenttypes.contenttype", "pk": 2, "fields": {"app_label": "auth", "model": "permission"}}, {"model": "contenttypes.contenttype", "pk": 3, "fields": {"app_label": "auth", "model": "group"}}, {"model": "contenttypes.contenttype", "pk": 4, "fields": {"app_label": "contenttypes", "model": "contenttype"}}, {"model": "contenttypes.contenttype", "pk": 5, "fields": {"app_label": "sessions", "model": "session"}}, {"model": "contenttypes.contenttype", "pk": 6, "fields": {"app_label": "accounts", "model": "user"}}, {"model": "contenttypes.contenttype", "pk": 7, "fields": {"app_label": "accounts", "model": "karma"}}, {"model": "contenttypes.contenttype", "pk": 8, "fields": {"app_label": "subjects", "model": "subject"}}, {"model": "contenttypes.contenttype", "pk": 9, "fields": {"app_label": "subjects", "model": "registration"}}, {"model": "contenttypes.contenttype", "pk": 10, "fields": {"app_label": "subjects", "model": "category"}}, {"model": "contenttypes.contenttype", "pk": 11, "fields": {"app_label": "questions", "model": "answer"}}, {"model": "contenttypes.contenttype", "pk": 12, "fields": {"app_label": "questions", "model": "reaction"}}, {"model": "contenttypes.contenttype", "pk": 13, "fields": {"app_label": "questions", "model": "rating"}}, {"model": "contenttypes.contenttype", "pk": 14, "fields": {"app_label": "questions", "model": "question"}}, {"model": "sessions.session", "pk": "2oiqu8ozh4zosnfazvtmxlrbqqhl125b", "fields": {"session_data": ".eJxVjDsOwjAQRO_iGln-hbUp6TmDtfZ6cQA5UpxUiLuTSClgynlv5i0irkuNay9zHElchBOn3y5hfpa2A3pgu08yT22ZxyR3RR60y9tE5XU93L-Dir1u62CIDTgyOZFFxV6jSyGDGtgnR1uCteQ0A2Dx4AaPShsOZ9ZAbK34fAH8WzhA:1mqExx:gGDG63Pg5uwMNUkJ6zrB1TRa_sX6Y7dFBLLlrEb3Oa0", "expire_date": "2021-12-09T13:39:09.463Z"}}, {"model": "sessions.session", "pk": "6ra29nmfj7ph2stlzant847kwlx59qfm", "fields": {"session_data": ".eJxVjMsOwiAQRf-FtSEVOjxcuu83kIEZpGogKe3K-O_apAvd3nPOfYmA21rC1nkJM4mLAHH63SKmB9cd0B3rrcnU6rrMUe6KPGiXUyN-Xg_376BgL99a5bMDjJxRGYjE1ushgXWeyAAzKQcm-TTgaIwHR9Zqm5BdpJGzdizeH_qDOI8:1mqGNd:R1GeB5dx9NIKOPDE7L96hzfmi13-eweb6YV2x4mYpG8", "expire_date": "2021-12-09T15:09:45.579Z"}}, {"model": "sessions.session", "pk": "d9m8jogprwybypqcgpxypmdfhgp60v91", "fields": {"session_data": ".eJxVjEEOwiAQRe_C2hBKoQMu3fcMZIaZ2qqBpLQr491Nky50-997_60S7tuc9iZrWlhdlVWX340wP6UcgB9Y7lXnWrZ1IX0o-qRNj5XldTvdv4MZ23zUDAEHdNGg5S64HkG8A8gwmUC9ARqi54idl4kCZNeHKDQJDWwIrFefL-SbOBg:1mqI0J:a7JH72AaEhmO3AjmxFIsejWHBO7Y_iZrMXIPqejaqfo", "expire_date": "2021-12-09T16:53:47.476Z"}}, {"model": "sessions.session", "pk": "nt10vry0dbh2szim0w02ltg6kjm2lscl", "fields": {"session_data": ".eJxVjDsOwjAQBe_iGlnx36ak5wyW17tLAiiW4qRC3B0ipYD2zcx7iVy2dcxbpyVPKM5CidPvBqU-aN4B3st8a7K2eV0mkLsiD9rltSE9L4f7dzCWPn7rYnVKEUB7BY6DhRDZg2ZDENgYq6IaEMlVIlWQrfVD0qFWp5gDJhTvD-qEOHA:1mqFQi:Ey8NlH4CueCA7ZOR5jhlayQ7GsDL2sb2J55OtcRgQLE", "expire_date": "2021-12-09T14:08:52.012Z"}}, {"model": "sessions.session", "pk": "rsph3eib2v6ygrlpq0ejok1z16bxjw48", "fields": {"session_data": ".eJxVjMsOwiAQRf-FtSEVOjxcuu83kIEZpGogKe3K-O_apAvd3nPOfYmA21rC1nkJM4mLAHH63SKmB9cd0B3rrcnU6rrMUe6KPGiXUyN-Xg_376BgL99a5bMDjJxRGYjE1ushgXWeyAAzKQcm-TTgaIwHR9Zqm5BdpJGzdizeH_qDOI8:1mqGPP:w51WCr6rhL6Q-gQaZf1B-SrrSK4Jr5PXOQSLE6MiBSs", "expire_date": "2021-12-09T15:11:35.455Z"}}, {"model": "sessions.session", "pk": "wlf014s5rmn5d3eslxz4mx3zur3n5cnd", "fields": {"session_data": ".eJxVjMEOwiAQRP-FsyGBFSgevfsNZNldpGpoUtqT8d9tkx70OPPezFslXJea1i5zGlldFKjTb5eRntJ2wA9s90nT1JZ5zHpX9EG7vk0sr-vh_h1U7HVbS7TeBpazIFIYyBow0Q8Go2NbMpTIaLwXgsDgkKxlL4WjuOi3COrzBfGuOHQ:1mqFHz:dlGzGVDCSDYUmuFTMZZsYpN2PhwxYjPc0Um-oz8-wp8", "expire_date": "2021-12-09T13:59:51.389Z"}}, {"model": "accounts.user", "pk": 1, "fields": {"password": "pbkdf2_sha256$260000$INYTHgB1Y5GJwF4CsKHS86$/pf4i39wO1d/7mulaElQwltUHl3buCV4a3oH5uNn0tE=", "last_login": "2021-11-25T14:08:52.008Z", "is_superuser": true, "login": "xnovak00", "email": "novacek@seznam.cz", "first_name": "Filip", "last_name": "Novák", "groups": [1], "user_permissions": []}}, {"model": "accounts.user", "pk": 2, "fields": {"password": "pbkdf2_sha256$260000$mwbK7LyBwUcEvuBWmdt1Kj$sXoRy4HZKoL9UBs5ASYXtCp9vSNmwHvQYYITr7Qt2wE=", "last_login": "2021-11-25T16:53:47.472Z", "is_superuser": false, "login": "xsechr00", "email": "marokac@seznam.cz", "first_name": "Marek", "last_name": "Sechra", "groups": [1], "user_permissions": []}}, {"model": "accounts.user", "pk": 3, "fields": {"password": "pbkdf2_sha256$260000$SeEQm1DT9wkHynr4X0nUMq$JElZJ+QSPISTqyWJgVKRAsiX6OjFVHiuiJGHz9wA2IQ=", "last_login": "2021-11-25T15:09:06.650Z", "is_superuser": false, "login": "xsolic00", "email": "solich@tutanota.cz", "first_name": "Filip", "last_name": "Solich", "groups": [], "user_permissions": []}}, {"model": "accounts.user", "pk": 4, "fields": {"password": "pbkdf2_sha256$260000$J9HLYXoxGMKLsk6l7FB13J$QFlmGPh+xKGXLakTKisEY6QuAJhdW7Lebr0MxFqg/uQ=", "last_login": "2021-11-25T14:10:21.398Z", "is_superuser": false, "login": "xvokal00", "email": "d.vokal@gmail.com", "first_name": "Daniel", "last_name": "Vokál", "groups": [], "user_permissions": []}}, {"model": "accounts.user", "pk": 5, "fields": {"password": "pbkdf2_sha256$260000$9xahD0NsjehfN8kpyd1DKl$NyHRPWirPH9GMTGQJsoWFY9o6Qec5NnCwoNtFvjVfQw=", "last_login": "2021-11-25T15:11:35.450Z", "is_superuser": false, "login": "xnamys00", "email": "v.myslitel@seznam.cz", "first_name": "Vojtěch", "last_name": "Namyslo", "groups": [], "user_permissions": []}}, {"model": "accounts.user", "pk": 6, "fields": {"password": "pbkdf2_sha256$260000$ZuIKpH3yJhdyhtqbNy5jKb$DPcAm5KNON0bmIvj+ZBYWydnS1aTbjzYXDQy/DPo7vY=", "last_login": "2021-11-25T13:37:22.738Z", "is_superuser": false, "login": "xpriby05", "email": "jan@pribyl.cz", "first_name": "Jan", "last_name": "Přibyl", "groups": [], "user_permissions": []}}, {"model": "accounts.user", "pk": 7, "fields": {"password": "pbkdf2_sha256$260000$Hj4QjKrAcdVOXpwcYi7z07$dLUtoxp9WPt+1mWm87jyeB9BFAiUGMeHFNb8U61JlM4=", "last_login": "2021-11-25T13:30:01.813Z", "is_superuser": false, "login": "xvacla00", "email": "tomas@vaclav.cz", "first_name": "Tomáš", "last_name": "Václav", "groups": [], "user_permissions": []}}, {"model": "accounts.user", "pk": 8, "fields": {"password": "pbkdf2_sha256$260000$m5TQWKXza8v5w6uTSf9bbR$YdDf4ryURLvtCXVRhLuAmU7leHZ57BH3Iz/MJ0SjynI=", "last_login": "2021-11-25T13:34:47.702Z", "is_superuser": false, "login": "xgrafi00", "email": "grafik@seznam.cz", "first_name": "Lukáš", "last_name": "Grafik", "groups": [], "user_permissions": []}}, {"model": "accounts.karma", "pk": 1, "fields": {"karma": 2, "user": 5, "subject": 7}}, {"model": "accounts.karma", "pk": 2, "fields": {"karma": 13, "user": 5, "subject": 20}}, {"model": "accounts.karma", "pk": 3, "fields": {"karma": 2, "user": 5, "subject": 6}}, {"model": "accounts.karma", "pk": 4, "fields": {"karma": 1, "user": 2, "subject": 6}}, {"model": "subjects.subject", "pk": 1, "fields": {"name": "Diskretní matematika", "shortcut": "IDM", "year": 2021, "semester": "winter", "grade": 1, "compulsory": "compulsory", "confirmed": false, "user": 1}}, {"model": "subjects.subject", "pk": 2, "fields": {"name": "Diskretní matematika", "shortcut": "IDM", "year": 2020, "semester": "winter", "grade": 1, "compulsory": "compulsory", "confirmed": false, "user": 1}}, {"model": "subjects.subject", "pk": 3, "fields": {"name": "Diskretní matematika", "shortcut": "IDM", "year": 2019, "semester": "winter", "grade": 1, "compulsory": "compulsory", "confirmed": true, "user": 2}}, {"model": "subjects.subject", "pk": 4, "fields": {"name": "Softwarové inženýrství", "shortcut": "IUS", "year": 2021, "semester": "winter", "grade": 1, "compulsory": "compulsory", "confirmed": false, "user": 3}}, {"model": "subjects.subject", "pk": 5, "fields": {"name": "Matematická analýza 1", "shortcut": "IMA1", "year": 2021, "semester": "summer", "grade": 1, "compulsory": "compulsory", "confirmed": false, "user": 3}}, {"model": "subjects.subject", "pk": 6, "fields": {"name": "Návrh číslicových systémů", "shortcut": "INC", "year": 2021, "semester": "summer", "grade": 1, "compulsory": "compulsory", "confirmed": true, "user": 3}}, {"model": "subjects.subject", "pk": 7, "fields": {"name": "Algoritmy", "shortcut": "IAL", "year": 2021, "semester": "winter", "grade": 2, "compulsory": "compulsory", "confirmed": true, "user": 4}}, {"model": "subjects.subject", "pk": 8, "fields": {"name": "Formální jazyky a překladače", "shortcut": "IFJ", "year": 2021, "semester": "winter", "grade": 2, "compulsory": "compulsory", "confirmed": true, "user": 4}}, {"model": "subjects.subject", "pk": 9, "fields": {"name": "Kondiční posilování", "shortcut": "TV-KP", "year": 2021, "semester": "winter", "grade": 2, "compulsory": "uncompulsory", "confirmed": true, "user": 5}}, {"model": "subjects.subject", "pk": 10, "fields": {"name": "Bezpečnost a počítačové sítě", "shortcut": "IBS", "year": 2021, "semester": "summer", "grade": 2, "compulsory": "uncompulsory", "confirmed": true, "user": 5}}, {"model": "subjects.subject", "pk": 11, "fields": {"name": "Informační systémy", "shortcut": "IIS", "year": 2020, "semester": "winter", "grade": 3, "compulsory": "compulsory", "confirmed": false, "user": 5}}, {"model": "subjects.subject", "pk": 12, "fields": {"name": "Seminář Java", "shortcut": "IJA", "year": 2020, "semester": "summer", "grade": 2, "compulsory": "compulsory", "confirmed": false, "user": 5}}, {"model": "subjects.subject", "pk": 13, "fields": {"name": "Signály a systémy", "shortcut": "ISS", "year": 2021, "semester": "winter", "grade": 3, "compulsory": "compulsory", "confirmed": true, "user": 4}}, {"model": "subjects.subject", "pk": 14, "fields": {"name": "Principy programovacích jazyků a OOP", "shortcut": "IPP", "year": 2021, "semester": "summer", "grade": 2, "compulsory": "compulsory", "confirmed": true, "user": 4}}, {"model": "subjects.subject", "pk": 15, "fields": {"name": "Základy počítačové grafiky", "shortcut": "IZG", "year": 2021, "semester": "winter", "grade": 1, "compulsory": "compulsory", "confirmed": true, "user": 4}}, {"model": "subjects.subject", "pk": 17, "fields": {"name": "Bezpečnost a počítačové sítě", "shortcut": "IBS", "year": 2020, "semester": "winter", "grade": 2, "compulsory": "uncompulsory", "confirmed": true, "user": 4}}, {"model": "subjects.subject", "pk": 18, "fields": {"name": "Počítačové komunikace a sítě", "shortcut": "IPK", "year": 2020, "semester": "summer", "grade": 2, "compulsory": "compulsory", "confirmed": true, "user": 4}}, {"model": "subjects.subject", "pk": 19, "fields": {"name": "Počítačové komunikace a sítě", "shortcut": "IPK", "year": 2019, "semester": "summer", "grade": 2, "compulsory": "compulsory", "confirmed": true, "user": 4}}, {"model": "subjects.subject", "pk": 20, "fields": {"name": "Informační systémy", "shortcut": "IIS", "year": 2021, "semester": "winter", "grade": 3, "compulsory": "compulsory", "confirmed": true, "user": 3}}, {"model": "subjects.registration", "pk": 7, "fields": {"confirmed": null, "user": 5, "subject": 3}}, {"model": "subjects.registration", "pk": 8, "fields": {"confirmed": null, "user": 4, "subject": 3}}, {"model": "subjects.registration", "pk": 9, "fields": {"confirmed": true, "user": 1, "subject": 3}}, {"model": "subjects.registration", "pk": 10, "fields": {"confirmed": null, "user": 2, "subject": 3}}, {"model": "subjects.registration", "pk": 19, "fields": {"confirmed": true, "user": 5, "subject": 6}}, {"model": "subjects.registration", "pk": 20, "fields": {"confirmed": true, "user": 2, "subject": 5}}, {"model": "subjects.registration", "pk": 21, "fields": {"confirmed": true, "user": 1, "subject": 6}}, {"model": "subjects.registration", "pk": 23, "fields": {"confirmed": true, "user": 2, "subject": 6}}, {"model": "subjects.registration", "pk": 24, "fields": {"confirmed": true, "user": 3, "subject": 7}}, {"model": "subjects.registration", "pk": 26, "fields": {"confirmed": true, "user": 5, "subject": 7}}, {"model": "subjects.registration", "pk": 27, "fields": {"confirmed": true, "user": 1, "subject": 8}}, {"model": "subjects.registration", "pk": 28, "fields": {"confirmed": true, "user": 2, "subject": 9}}, {"model": "subjects.registration", "pk": 29, "fields": {"confirmed": true, "user": 5, "subject": 9}}, {"model": "subjects.registration", "pk": 30, "fields": {"confirmed": null, "user": 4, "subject": 9}}, {"model": "subjects.registration", "pk": 31, "fields": {"confirmed": null, "user": 1, "subject": 10}}, {"model": "subjects.registration", "pk": 32, "fields": {"confirmed": null, "user": 2, "subject": 10}}, {"model": "subjects.registration", "pk": 33, "fields": {"confirmed": false, "user": 6, "subject": 6}}, {"model": "subjects.registration", "pk": 34, "fields": {"confirmed": true, "user": 6, "subject": 7}}, {"model": "subjects.registration", "pk": 35, "fields": {"confirmed": true, "user": 6, "subject": 8}}, {"model": "subjects.registration", "pk": 36, "fields": {"confirmed": null, "user": 7, "subject": 7}}, {"model": "subjects.registration", "pk": 37, "fields": {"confirmed": null, "user": 7, "subject": 8}}, {"model": "subjects.registration", "pk": 38, "fields": {"confirmed": null, "user": 7, "subject": 14}}, {"model": "subjects.registration", "pk": 39, "fields": {"confirmed": true, "user": 7, "subject": 13}}, {"model": "subjects.registration", "pk": 40, "fields": {"confirmed": true, "user": 6, "subject": 13}}, {"model": "subjects.registration", "pk": 41, "fields": {"confirmed": true, "user": 6, "subject": 15}}, {"model": "subjects.registration", "pk": 42, "fields": {"confirmed": null, "user": 7, "subject": 15}}, {"model": "subjects.registration", "pk": 43, "fields": {"confirmed": true, "user": 8, "subject": 15}}, {"model": "subjects.registration", "pk": 44, "fields": {"confirmed": true, "user": 4, "subject": 20}}, {"model": "subjects.registration", "pk": 45, "fields": {"confirmed": null, "user": 2, "subject": 13}}, {"model": "subjects.registration", "pk": 46, "fields": {"confirmed": null, "user": 2, "subject": 20}}, {"model": "subjects.registration", "pk": 47, "fields": {"confirmed": true, "user": 5, "subject": 20}}, {"model": "subjects.category", "pk": 7, "fields": {"name": "Semestrální zkouška", "subject": 3}}, {"model": "subjects.category", "pk": 13, "fields": {"name": "Semestrální zkouška", "subject": 6}}, {"model": "subjects.category", "pk": 14, "fields": {"name": "Půlsemestrální zkouška", "subject": 7}}, {"model": "subjects.category", "pk": 15, "fields": {"name": "Semestrálni zkouška", "subject": 7}}, {"model": "subjects.category", "pk": 16, "fields": {"name": "Semestrální zkouška", "subject": 8}}, {"model": "subjects.category", "pk": 17, "fields": {"name": "Semestrálni zkouška", "subject": 9}}, {"model": "subjects.category", "pk": 18, "fields": {"name": "Semestrálni zkouška", "subject": 10}}, {"model": "subjects.category", "pk": 19, "fields": {"name": "Půlsemestrální zkouška", "subject": 10}}, {"model": "subjects.category", "pk": 20, "fields": {"name": "Projekt", "subject": 8}}, {"model": "subjects.category", "pk": 21, "fields": {"name": "Přednášky", "subject": 8}}, {"model": "subjects.category", "pk": 22, "fields": {"name": "Půlsemestrální zkouška", "subject": 8}}, {"model": "subjects.category", "pk": 23, "fields": {"name": "Projekt I", "subject": 7}}, {"model": "subjects.category", "pk": 24, "fields": {"name": "Projekt II", "subject": 7}}, {"model": "subjects.category", "pk": 25, "fields": {"name": "Cvičení", "subject": 13}}, {"model": "subjects.category", "pk": 26, "fields": {"name": "Projekt", "subject": 13}}, {"model": "subjects.category", "pk": 27, "fields": {"name": "Soutěž", "subject": 13}}, {"model": "subjects.category", "pk": 28, "fields": {"name": "Půlsemestrální zkouška", "subject": 20}}, {"model": "questions.question", "pk": 4, "fields": {"title": "Teorie", "text": "Dobrý den, lze očekávat na půlsemestrální zkoušce nějaké teoretické otázky ?\r\ndíky", "picture": "", "closed": true, "teacher_points": 0, "user": 6, "subject": 7, "category": 14}}, {"model": "questions.question", "pk": 5, "fields": {"title": "Účast", "text": "Mohou se účastnit soutěže studenti, kteří již tento předmět opakovali ? Díky", "picture": "", "closed": false, "teacher_points": 0, "user": 7, "subject": 13, "category": 27}}, {"model": "questions.question", "pk": 6, "fields": {"title": "Rastr vs Vektor", "text": "Dobrý den, jaký je rozdíl mezi vektorou a rastrovou grafikou ?", "picture": "ask.jpg", "closed": true, "teacher_points": 0, "user": 6, "subject": 15, "category": null}}, {"model": "questions.question", "pk": 7, "fields": {"title": "Rozdíl mezi cookie a session?", "text": "", "picture": "", "closed": true, "teacher_points": 10, "user": 4, "subject": 20, "category": 28}}, {"model": "questions.question", "pk": 8, "fields": {"title": "V kolik hodin je semestrální zkouška?", "text": "", "picture": "", "closed": true, "teacher_points": 0, "user": 1, "subject": 6, "category": null}}, {"model": "questions.answer", "pk": 1, "fields": {"text": "Podle mě ne, ale nejsem si jistý.", "picture": "", "user": 6, "valid": false, "question": 5}}, {"model": "questions.answer", "pk": 2, "fields": {"text": "V rastrové grafice je celý obrázek popsán pomocí hodnot jednotlivých barevných bodů.\r\nVe vektorové je obrázek popsaný pomocí křivek a různých elementárních objektů.", "picture": "vektor.gif", "user": 8, "valid": false, "question": 6}}, {"model": "questions.answer", "pk": 3, "fields": {"text": "Dobrý den,\r\n\r\nmoc děkuji za otázku,\r\n\r\nkolega xgrafi00 má v podstatě úplně korektní odpověď. Ještě bych dodal, že to nemusí být křivka, ale i bod. A takový útvar musí být přesně definovaný. \r\n\r\nPosilám 5 bodů, hezký den.", "picture": "", "user": 4, "valid": true, "question": 6}}, {"model": "questions.answer", "pk": 4, "fields": {"text": "Na půlsemestrální zkoušce budou jen teoretické otázky.", "picture": "", "user": 3, "valid": false, "question": 4}}, {"model": "questions.answer", "pk": 5, "fields": {"text": "Na půlsemestrální zkoušce nebudou žádné teoretické otázky.", "picture": "", "user": 5, "valid": true, "question": 4}}, {"model": "questions.answer", "pk": 6, "fields": {"text": "Na půlsemestrální zkoušce skutečně nebudou žádné teoretické otázky jak psal xnamys00", "picture": "", "user": 4, "valid": true, "question": 4}}, {"model": "questions.answer", "pk": 7, "fields": {"text": "Tady je to popsané", "picture": "external-content.duckduckgo.com.png", "user": 5, "valid": true, "question": 7}}, {"model": "questions.answer", "pk": 8, "fields": {"text": "xnamys00 má pravdu", "picture": "", "user": 3, "valid": true, "question": 7}}, {"model": "questions.answer", "pk": 9, "fields": {"text": "A-B v 16:00\r\nC-Z v 17:00", "picture": "", "user": 5, "valid": true, "question": 8}}, {"model": "questions.answer", "pk": 10, "fields": {"text": "Nevím", "picture": "", "user": 2, "valid": true, "question": 8}}, {"model": "questions.answer", "pk": 11, "fields": {"text": "A-B v 16:00 C-Z v 17:00", "picture": "", "user": 3, "valid": true, "question": 8}}, {"model": "questions.reaction", "pk": 1, "fields": {"text": "Tato odpověd se mi vůbec nelíbí.", "picture": "", "user": 7, "answer": 1}}, {"model": "questions.reaction", "pk": 2, "fields": {"text": "Uvidíš co napíše učitel.", "picture": "", "user": 6, "answer": 1}}, {"model": "questions.reaction", "pk": 3, "fields": {"text": "Už rozumím, zvedám karmu. Moc díky", "picture": "ty.jpg", "user": 6, "answer": 2}}, {"model": "questions.reaction", "pk": 4, "fields": {"text": "Díky", "picture": "", "user": 4, "answer": 7}}, {"model": "questions.reaction", "pk": 5, "fields": {"text": "Souhlasím", "picture": "", "user": 2, "answer": 9}}, {"model": "questions.rating", "pk": 1, "fields": {"type": true, "user": 6, "answer": 1}}, {"model": "questions.rating", "pk": 2, "fields": {"type": false, "user": 7, "answer": 1}}, {"model": "questions.rating", "pk": 3, "fields": {"type": true, "user": 8, "answer": 2}}, {"model": "questions.rating", "pk": 4, "fields": {"type": true, "user": 6, "answer": 2}}, {"model": "questions.rating", "pk": 5, "fields": {"type": true, "user": 3, "answer": 4}}, {"model": "questions.rating", "pk": 6, "fields": {"type": true, "user": 5, "answer": 5}}, {"model": "questions.rating", "pk": 7, "fields": {"type": false, "user": 5, "answer": 4}}, {"model": "questions.rating", "pk": 8, "fields": {"type": false, "user": 4, "answer": 4}}, {"model": "questions.rating", "pk": 9, "fields": {"type": true, "user": 4, "answer": 5}}, {"model": "questions.rating", "pk": 10, "fields": {"type": true, "user": 4, "answer": 6}}, {"model": "questions.rating", "pk": 11, "fields": {"type": true, "user": 5, "answer": 7}}, {"model": "questions.rating", "pk": 12, "fields": {"type": true, "user": 4, "answer": 7}}, {"model": "questions.rating", "pk": 13, "fields": {"type": true, "user": 3, "answer": 7}}, {"model": "questions.rating", "pk": 14, "fields": {"type": true, "user": 3, "answer": 8}}, {"model": "questions.rating", "pk": 15, "fields": {"type": true, "user": 5, "answer": 9}}, {"model": "questions.rating", "pk": 16, "fields": {"type": true, "user": 2, "answer": 9}}, {"model": "questions.rating", "pk": 17, "fields": {"type": true, "user": 2, "answer": 10}}, {"model": "questions.rating", "pk": 18, "fields": {"type": true, "user": 3, "answer": 11}}]